{"continuous": {"start": [0, 4, 0], "rated_speed": [1384, 4, 0.5], "peak_speed": [2883, 3, 0.9], "no_load_speed": [7380.0, 0, 0]}, "peak": {"start": [0, 22, 0], "peak_torque": [826, 22, 1.9], "peak_power": [1153, 16, 1.9]}, "voltage_specs": {"v_dc": 48, "a_dc_max": 65.97222222222223, "ke": 4.59906849552226, "ke_rad": 0.04391786908083444, "kt": 0.07606798060816351, "max_a_rms": 289.2149867015004}}